{"cameraMode":{"drawMode":0,"name":"Shaded","section":"Shading Mode"},"sceneLighting":false,"audioPlay":false,"sceneViewState":{"m_AlwaysRefresh":false,"showFog":true,"showSkybox":false,"showFlares":true,"showImageEffects":true,"showParticleSystems":true,"showVisualEffectGraphs":true,"m_FxEnabled":true},"in2DMode":false,"pivot":{"x":0.2666815519332886,"y":1.0294030904769898,"z":-0.12878045439720155},"rotation":{"x":0.07313510030508042,"y":-0.5426301956176758,"z":0.0474957674741745,"w":0.8354943990707398},"size":0.05880344659090042,"orthographic":false}